File ID,SNR,SFNR,FWHM,RDC,perAF
0,111.66400425109607,45.82230122672433,26.385440588960076,0,129.26660451153884
1,52.215276354617146,55.24160067475909,36.117260039847174,0,50.84555510078913
2,62.51039363519217,28.11456566891861,26.190085062341755,0,129.7421923037488
3,62.14145911225496,31.40450780673874,26.897206733187602,0,124.73002239996698
4,56.87892585372855,54.267369437198866,37.53779284187437,0,40.79353153720362
