File ID,SNR,SFNR,FWHM,RDC,perAF
0,10.154109444877164,9.762600902691283,60.26143970996026,1.462821483767121,12.312757853126548
1,13.644772619504199,12.89777050366274,55.946519200403074,1.4120178678529183,12.104702235250295
2,22.43216751251685,23.089811164992817,61.47626159000372,1.375652027358262,4.7339648304923205
3,20.921634504392976,21.022812823039402,59.38894370098069,1.4142854389752264,4.5177822817905415
