File ID,SNR,SFNR,FWHM,RDC,perAF
0,10.154109444877164,9.762600902691283,60.26143970996026,5.656854249492381,30.00326775282263
1,13.644772619504199,12.89777050366274,55.946519200403074,5.656854249492381,37.09962275017105
2,22.43216751251685,23.089811164992817,61.47626159000372,5.656854249492381,25.451310532589847
3,20.921634504392976,21.022812823039402,59.38894370098069,5.656854249492381,26.00140058324023
