File ID,SNR,SFNR,FWHM_space,FWHM_time,RDC_space,RDC_time,perAF,Uniformity,Ghosting,Entropy,Sharpness,Contrast,Signal Homogeneity
0,2.512493133840991,2.5168985656923177,61.17136840146017,14.54866868622449,1.5855915164499095,0.2686393893494898,3.663563813844534,0.5525506920499663,213.8604686318972,2.4733140663051922,90.73013704346121,412.5847421350544,8.003178663858719e-05
1,3.163354021615127,3.168107498676628,56.205537711333875,15.294079838966837,1.3932039991473097,0.2578872369260204,3.226607169642358,0.5126267074023093,185.03681027966743,2.321011261956275,63.61049765875175,401.376634393336,0.00010558478662141504
2,6.448918362553278,6.461024801599817,62.267991274534694,11.646065848214286,1.368693435477669,0.2823860012755102,1.3477201426241996,0.5918595930884769,217.14750566893423,2.576685698621988,87.32570467784203,415.99846604010935,7.966044088067158e-05
3,5.26627304125806,5.27719771356384,59.552409097383986,18.279252032844386,1.4225471592923324,0.2671595982142857,1.2593402684950348,0.5611518350089895,213.58544973544974,2.421015235555211,64.37721098377973,386.58915181262097,9.438391601013384e-05
