File ID,SNR,SFNR,FWHM,RDC,perAF
0,10.154109444877164,9.762600902691283,60.26143970996026,10.284411748734406,30.00326775282263
1,20.921634504392976,21.022812823039402,59.38894370098069,10.202819981622483,26.00140058324023
